{
  "users": {
    "inputConfig": [
      {
        "key": "id",
        "type": "InputBox",
        "options": {
          "label": "Id",
          "type": "text",
          "isEnabled": false,
          "isReadOnly": false,
          "help": "Id user"
        }
      },
      {
        "key": "name",
        "type": "InputBox",
        "options": {
          "label": "Nama",
          "type": "text",
          "isEnabled": true,
          "isReadOnly": false,
          "help": "Nama User"
        }
      },
      {
        "key": "username",
        "type": "InputBox",
        "options": {
          "label": "Username",
          "type": "text",
          "isEnabled": true,
          "isReadOnly": false,
          "help": "Username"
        }
      },
      {
        "key": "password",
        "type": "InputBox",
        "options": {
          "label": "Password",
          "type": "password",
          "isEnabled": true,
          "isReadOnly": false,
          "help": "Password (hash). Untuk mengubah ini silahkan <span class=\"badge rounded-pill bg-warning\" data-bs-target=\"#passwordModal\" data-bs-toggle=\"modal\" data-bs-dismiss=\"modal\" style=\"cursor:pointer\">Generate Hash <i class=\"bx bxs-shield-plus\"></i></span> baru"
        }
      },
      {
        "key": "roleId",
        "type": "SelectBox",
        "options": {
          "label": "Role",
          "isEnabled": true,
          "isReadOnly": false,
          "help": "Jenis role",
          "optionsTable": "role"
        }
      },
      {
        "key": "branchId",
        "type": "SelectBox",
        "options": {
          "label": "Branch",
          "isEnabled": true,
          "isReadOnly": false,
          "help": "Cabang",
          "optionsTable": "branch"
        }
      },
      {
        "key": "createdDate",
        "type": "InputBox",
        "options": {
          "label": "Created Date",
          "type": "datetime-local",
          "isEnabled": false,
          "isReadOnly": true,
          "help": "Tanggal akun dibuat"
        }
      },
      {
        "key": "updatedDate",
        "type": "InputBox",
        "options": {
          "label": "Updated Date",
          "type": "datetime-local",
          "isEnabled": true,
          "isReadOnly": true,
          "help": "Tanggal akun terakhir di-edit"
        }
      }
    ],
    "outputConfig": {
      "id": "",
      "username": "",
      "password": "",
      "name": "",
      "roleId": "",
      "session": "",
      "createdDate": "",
      "updatedDate": ""
    }
  },
  "shipname": {
    "inputConfig": [
      {
        "key": "id",
        "type": "InputBox",
        "options": {
          "label": "Id",
          "type": "text",
          "isEnabled": false,
          "isReadOnly": false,
          "help": "Id nama kapal"
        }
      },
      {
        "key": "name",
        "type": "InputBox",
        "options": {
          "label": "Nama Kapal",
          "type": "text",
          "isEnabled": true,
          "isReadOnly": false,
          "help": "Nama kapal"
        }
      }
    ],
    "outputConfig": {
      "id": "",
      "name": ""
    }
  },
  "shiptype": {
    "inputConfig": [
      {
        "key": "id",
        "type": "InputBox",
        "options": {
          "label": "Id",
          "type": "text",
          "isEnabled": false,
          "isReadOnly": false,
          "help": "Id tipe kapal"
        }
      },
      {
        "key": "name",
        "type": "InputBox",
        "options": {
          "label": "Nama Tipe Kapal",
          "type": "text",
          "isEnabled": true,
          "isReadOnly": false,
          "help": "Nama tipe kapal"
        }
      }
    ],
    "outputConfig": {
      "id": "",
      "name": ""
    }
  },
  "shipowner": {
    "inputConfig": [
      {
        "key": "id",
        "type": "InputBox",
        "options": {
          "label": "Id",
          "type": "text",
          "isEnabled": false,
          "isReadOnly": false,
          "help": "Id pemilik kapal"
        }
      },
      {
        "key": "name",
        "type": "InputBox",
        "options": {
          "label": "Nama Pemilik Kapal",
          "type": "text",
          "isEnabled": true,
          "isReadOnly": false,
          "help": "Nama Pemilik Kapal"
        }
      },
      {
        "key": "pic",
        "type": "InputBox",
        "options": {
          "label": "Nama PIC",
          "type": "text",
          "isEnabled": true,
          "isReadOnly": false,
          "help": "Nama PIC"
        }
      },
      {
        "key": "contact",
        "type": "InputBox",
        "options": {
          "label": "Kontak",
          "type": "text",
          "isEnabled": true,
          "isReadOnly": false,
          "help": "Kontak yang bisa dihubungi"
        }
      }
    ],
    "outputConfig": {
      "id": "",
      "name": "",
      "pic": "",
      "contact": ""
    }
  },
  "branch": {
    "inputConfig": [
      {
        "key": "id",
        "type": "InputBox",
        "options": {
          "label": "Id",
          "type": "text",
          "isEnabled": false,
          "isReadOnly": false,
          "help": "Id cabang"
        }
      },
      {
        "key": "name",
        "type": "InputBox",
        "options": {
          "label": "Nama Cabang",
          "type": "text",
          "isEnabled": true,
          "isReadOnly": false,
          "help": "Nama cabang"
        }
      }
    ],
    "outputConfig": {
      "id": "",
      "name": ""
    }
  },
  "activity": {
    "inputConfig": [
      {
        "key": "id",
        "type": "InputBox",
        "options": {
          "label": "Id",
          "type": "text",
          "isEnabled": false,
          "isReadOnly": false,
          "help": "Id kegiatan"
        }
      },
      {
        "key": "name",
        "type": "InputBox",
        "options": {
          "label": "Nama Kegiatan",
          "type": "text",
          "isEnabled": true,
          "isReadOnly": false,
          "help": "Nama kegiatan"
        }
      }
    ],
    "outputConfig": {
      "id": "",
      "name": ""
    }
  },
  "shipdata": {
    "inputConfig": [
      {
        "key": "id",
        "type": "InputBox",
        "options": {
          "label": "Id",
          "type": "text",
          "isEnabled": false,
          "isReadOnly": false,
          "help": "Id data kapal"
        }
      },
      {
        "key": "shipId",
        "type": "SelectBox",
        "options": {
          "label": "Nama Kapal",
          "isEnabled": true,
          "isReadOnly": false,
          "help": "Nama kapal",
          "optionsTable": "shipname"
        }
      },
      {
        "key": "voyage",
        "type": "InputBox",
        "options": {
          "label": "Voyage",
          "type": "text",
          "isEnabled": true,
          "isReadOnly": false,
          "help": "Voyage Keberapa"
        }
      },
      {
        "key": "shipTypeId",
        "type": "SelectBox",
        "options": {
          "label": "Tipe Kapal",
          "isEnabled": true,
          "isReadOnly": false,
          "help": "Tipe kapal",
          "optionsTable": "shiptype"
        }
      },
      {
        "key": "flagId",
        "type": "SelectBox",
        "options": {
          "label": "Bendera",
          "isEnabled": true,
          "isReadOnly": false,
          "help": "Bendera negara",
          "optionsTable": "flag"
        }
      },
      {
        "key": "grt",
        "type": "InputBox",
        "options": {
          "label": "GRT",
          "type": "text",
          "isEnabled": true,
          "isReadOnly": false,
          "help": "Gross Register Tonnage"
        }
      },
      {
        "key": "ownerId",
        "type": "SelectBox",
        "options": {
          "label": "Pemilik Kapal",
          "isEnabled": true,
          "isReadOnly": false,
          "help": "Pemilik kapal",
          "optionsTable": "shipowner"
        }
      },
      {
        "key": "activityId",
        "type": "SelectBox",
        "options": {
          "label": "Kegiatan",
          "isEnabled": true,
          "isReadOnly": false,
          "help": "Kegiatan",
          "optionsTable": "activity"
        }
      },
      {
        "key": "cargoQuantity",
        "type": "InputBox",
        "options": {
          "label": "Jumlah Muatan",
          "type": "text",
          "isEnabled": true,
          "isReadOnly": false,
          "help": "Jumlah muatan"
        }
      },
      {
        "key": "branchId",
        "type": "SelectBox",
        "options": {
          "label": "Cabang",
          "isEnabled": true,
          "isReadOnly": false,
          "help": "Cabang",
          "optionsTable": "branch"
        }
      },
      {
        "key": "eta",
        "type": "InputBox",
        "options": {
          "label": "ETA",
          "type": "datetime-local",
          "isEnabled": true,
          "isReadOnly": false,
          "help": "Estimation Time of Arrival: Perkiraan waktu kedatangan kapal"
        }
      },
      {
        "key": "dockTime",
        "type": "InputBox",
        "options": {
          "label": "Sandar",
          "type": "datetime-local",
          "isEnabled": true,
          "isReadOnly": false,
          "help": "Tanggal dan waktu sandar"
        }
      },
      {
        "key": "finishLoad",
        "type": "InputBox",
        "options": {
          "label": "Finish Load / Disch",
          "type": "datetime-local",
          "isEnabled": true,
          "isReadOnly": false,
          "help": "Tanggal dan waktu Finish Load / Discharge"
        }
      },
      {
        "key": "issuedTimeSPB",
        "type": "InputBox",
        "options": {
          "label": "SPB Terbit",
          "type": "datetime-local",
          "isEnabled": true,
          "isReadOnly": false,
          "help": "Tanggal dan waktu SPB terbit"
        }
      },
      {
        "key": "wastingTime",
        "type": "InputBox",
        "options": {
          "label": "Wasting Time",
          "type": "text",
          "isEnabled": true,
          "isReadOnly": true,
          "help": "Waktu yang diperlukan sejak finish sampai dengan SPB"
        }
      },
      {
        "key": "wastingTimeNumber",
        "type": "InputBox",
        "options": {
          "label": "Wasting Time (minutes)",
          "type": "text",
          "isEnabled": true,
          "isReadOnly": true,
          "help": "Wasting Time dalam satuan menit"
        }
      }
    ],
    "outputConfig": {
      "id": "",
      "shipId": "",
      "voyage": "",
      "shipTypeId": "",
      "flag": "",
      "grt": "",
      "ownerId": "",
      "activityId": "",
      "cargoQuantity": "",
      "branchId": "",
      "eta": "",
      "dockTime": "",
      "finishLoad": "",
      "issuedTimeSPB": "",
      "wastingTime": "",
      "wastingTimeNumber": "",
      "isPublished": ""
    }
  },
  "shipreceivabledata": {
    "inputConfig": [
      {
        "key": "id",
        "type": "InputBox",
        "options": {
          "label": "Id",
          "type": "text",
          "isEnabled": false,
          "isReadOnly": false,
          "help": "Id data piutang kapal"
        }
      },
      {
        "key": "shipId",
        "type": "SelectBox",
        "options": {
          "label": "Nama Kapal",
          "isEnabled": true,
          "isReadOnly": false,
          "help": "Nama kapal",
          "optionsTable": "shipname"
        }
      },
      {
        "key": "voyage",
        "type": "InputBox",
        "options": {
          "label": "Voyage",
          "isEnabled": true,
          "isReadOnly": false,
          "help": "Voyage Keberapa",
          "optionsTable": "voyage"
        }
      },
      {
        "key": "ownerId",
        "type": "SelectBox",
        "options": {
          "label": "Nama Pemilik Kapal",
          "isEnabled": true,
          "isReadOnly": false,
          "help": "Nama pemilik kapal",
          "optionsTable": "shipowner"
        }
      },
      {
        "key": "branchId",
        "type": "SelectBox",
        "options": {
          "label": "Cabang",
          "isEnabled": true,
          "isReadOnly": false,
          "help": "Cabang",
          "optionsTable": "branch"
        }
      },
      {
        "key": "invoiceTime",
        "type": "InputBox",
        "options": {
          "label": "Tanggal Invoice",
          "type": "datetime-local",
          "isEnabled": true,
          "isReadOnly": false,
          "help": "Tanggal dan waktu SPB terbit"
        }
      },
      {
        "key": "totalFDA",
        "type": "InputBox",
        "options": {
          "label": "Total FDA",
          "type": "text",
          "isEnabled": true,
          "isReadOnly": false,
          "help": "Final Invoice"
        }
      },
      {
        "key": "ops",
        "type": "InputBox",
        "options": {
          "label": "OPS",
          "type": "text",
          "isEnabled": true,
          "isReadOnly": false,
          "help": "Biaya Operasional"
        }
      },
      {
        "key": "agencyFee",
        "type": "InputBox",
        "options": {
          "label": "Agency Fee",
          "type": "text",
          "isEnabled": true,
          "isReadOnly": false,
          "help": "Fee Keagenan"
        }
      },
      {
        "key": "ppn",
        "type": "InputBox",
        "options": {
          "label": "PPN",
          "type": "text",
          "isEnabled": true,
          "isReadOnly": true,
          "help": "PPN (11% Dari Agency Fee)"
        }
      },
      {
        "key": "others",
        "type": "InputBox",
        "options": {
          "label": "Lain-lain",
          "type": "text",
          "isEnabled": true,
          "isReadOnly": false,
          "help": "Pendapatan Lain-Lain"
        }
      },
      {
        "key": "stamp",
        "type": "InputBox",
        "options": {
          "label": "Materai",
          "type": "text",
          "isEnabled": true,
          "isReadOnly": false,
          "help": "Materai"
        }
      },
      {
        "key": "pph",
        "type": "InputBox",
        "options": {
          "label": "PPh 2% / Diskon",
          "type": "text",
          "isEnabled": true,
          "isReadOnly": false,
          "help": "PPh 2% / Diskon"
        }
      },
      {
        "key": "dpDate",
        "type": "InputBox",
        "options": {
          "label": "Tanggal DP",
          "type": "date",
          "isEnabled": true,
          "isReadOnly": false,
          "help": "Tanggal biaya muka"
        }
      },
      {
        "key": "dp",
        "type": "InputBox",
        "options": {
          "label": "DP",
          "type": "text",
          "isEnabled": true,
          "isReadOnly": false,
          "help": "Total Uang Muka"
        }
      },
      {
        "key": "paymentDate",
        "type": "InputBox",
        "options": {
          "label": "Tanggal Pelunasan",
          "type": "date",
          "isEnabled": true,
          "isReadOnly": false,
          "help": "Tanggal pelunasan"
        }
      },
      {
        "key": "payment",
        "type": "InputBox",
        "options": {
          "label": "Pelunasan",
          "type": "text",
          "isEnabled": true,
          "isReadOnly": false,
          "help": "Total Pelunasan"
        }
      },
      {
        "key": "receivable",
        "type": "InputBox",
        "options": {
          "label": "Piutang",
          "type": "text",
          "isEnabled": true,
          "isReadOnly": true,
          "help": "Piutang"
        }
      },
      {
        "key": "invoiceStatusId",
        "type": "SelectBox",
        "options": {
          "label": "Status Invoice",
          "isEnabled": true,
          "isReadOnly": false,
          "help": "Status invoice",
          "optionsTable": "invoicestatus"
        }
      },
      {
        "key": "invoiceDeliveryTime",
        "type": "InputBox",
        "options": {
          "label": "Tanggal Kirim Invoice",
          "type": "datetime-local",
          "isEnabled": true,
          "isReadOnly": false,
          "help": "Tanggal kirim invoice"
        }
      },
      {
        "key": "dueDate",
        "type": "InputBox",
        "options": {
          "label": "Due Date",
          "type": "datetime-local",
          "isEnabled": true,
          "isReadOnly": true,
          "help": "Due date"
        }
      },
      {
        "key": "firstAlert",
        "type": "InputBox",
        "options": {
          "label": "Alert 1",
          "type": "datetime-local",
          "isEnabled": true,
          "isReadOnly": true,
          "help": "Alert pertama"
        }
      },
      {
        "key": "secondAlert",
        "type": "InputBox",
        "options": {
          "label": "Alert 2",
          "type": "datetime-local",
          "isEnabled": true,
          "isReadOnly": true,
          "help": "Alert kedua"
        }
      },
      {
        "key": "thirdAlert",
        "type": "InputBox",
        "options": {
          "label": "Alert 3",
          "type": "datetime-local",
          "isEnabled": true,
          "isReadOnly": true,
          "help": "Alert ketiga"
        }
      }
    ],
    "outputConfig": {
      "id": "",
      "shipId": "",
      "voyage": "",
      "ownerId": "",
      "branchId": "",
      "invoiceTime": "",
      "totalFDA": "",
      "ops": "",
      "agencyFee": "",
      "ppn": "",
      "others": "",
      "stamp": "",
      "pph": "",
      "dpDate": "",
      "dp": "",
      "paymentDate": "",
      "payment": "",
      "receivable": "",
      "invoiceStatusId": "",
      "invoiceDeliveryTime": "",
      "dueDate": "",
      "firstAlert": "",
      "secondAlert": "",
      "thirdAlert": ""
    }
  },
  "tugdata": {
    "inputConfig": [
      {
        "key": "id",
        "type": "InputBox",
        "options": {
          "label": "Id",
          "type": "text",
          "isEnabled": false,
          "isReadOnly": false,
          "help": "Id data tug"
        }
      },
      {
        "key": "shipId",
        "type": "SelectBox",
        "options": {
          "label": "Nama Kapal",
          "isEnabled": true,
          "isReadOnly": false,
          "help": "Nama kapal",
          "optionsTable": "shipname"
        }
      },
      {
        "key": "voyage",
        "type": "InputBox",
        "options": {
          "label": "Voyage",
          "type": "text",
          "isEnabled": true,
          "isReadOnly": false,
          "help": "Voyage Keberapa"
        }
      },
      {
        "key": "shipTypeId",
        "type": "SelectBox",
        "options": {
          "label": "Tipe Kapal",
          "isEnabled": true,
          "isReadOnly": false,
          "help": "Tipe kapal",
          "optionsTable": "shiptype"
        }
      },
      {
        "key": "grt",
        "type": "InputBox",
        "options": {
          "label": "GRT",
          "type": "text",
          "isEnabled": true,
          "isReadOnly": false,
          "help": "Gross Register Tonnage"
        }
      },
      {
        "key": "activityId",
        "type": "SelectBox",
        "options": {
          "label": "Kegiatan",
          "isEnabled": true,
          "isReadOnly": false,
          "help": "Kegiatan",
          "optionsTable": "activity"
        }
      },
      {
        "key": "branchId",
        "type": "SelectBox",
        "options": {
          "label": "Cabang",
          "isEnabled": true,
          "isReadOnly": false,
          "help": "Cabang",
          "optionsTable": "branch"
        }
      },
      {
        "key": "connectTime",
        "type": "InputBox",
        "options": {
          "label": "Jam Connect Kapal",
          "type": "datetime-local",
          "isEnabled": true,
          "isReadOnly": false,
          "help": "Tanggal dan waktu connect Kapal"
        }
      },
      {
        "key": "disconnectTime",
        "type": "InputBox",
        "options": {
          "label": "Jam Disconnect Kapal",
          "type": "datetime-local",
          "isEnabled": true,
          "isReadOnly": false,
          "help": "Tanggal dan waktu disconnect Kapal"
        }
      },
      {
        "key": "assistDuration",
        "type": "InputBox",
        "options": {
          "label": "Lama Assist",
          "type": "text",
          "isEnabled": true,
          "isReadOnly": true,
          "help": "Waktu yang diperlukan sejak connect sampai dengan disconnect"
        }
      }
    ],
    "outputConfig": {
      "id": "",
      "shipId": "",
      "voyage": "",
      "shipTypeId": "",
      "grt": "",
      "activityId": "",
      "branchId": "",
      "connectTime": "",
      "disconnectTime": "",
      "assistDuration": ""
    }
  }
}